Price,Airports,Depart - Arrive
158.19,"Stockholm, Arlanda (Terminal 5) - London, Heathrow (Terminal 2)",07:50 - 09:35
158.19,"Stockholm, Arlanda (Terminal 5) - London, Heathrow (Terminal 2)",11:15 - 12:55
158.19,"Stockholm, Arlanda (Terminal 5) - London, Heathrow (Terminal 2)",15:25 - 17:00
158.19,"Stockholm, Arlanda (Terminal 5) - London, Heathrow (Terminal 2)",16:20 - 17:55
158.19,"Stockholm, Arlanda (Terminal 5) - London, Heathrow (Terminal 2)",18:15 - 19:55
158.19,"Stockholm, Arlanda (Terminal 5) - London, Heathrow (Terminal 2)",19:40 - 21:15
138,"Stockholm, Arlanda (Terminal 5) - Oslo||Oslo - London, Heathrow (Terminal 2)",12:40 - 16:25
138,"Stockholm, Arlanda (Terminal 5) - Oslo||Oslo - London, Heathrow (Terminal 2)",13:20 - 16:25
76.81,"London, Heathrow (Terminal 2) - Stockholm, Arlanda (Terminal 5)",06:40 - 10:05
91.06,"London, Heathrow (Terminal 2) - Oslo||Oslo - Stockholm, Arlanda (Terminal 5)",15:35 - 21:35
91.06,"London, Heathrow (Terminal 2) - Oslo||Oslo - Stockholm, Arlanda (Terminal 5)",17:30 - 22:25
